sale_id,product_id,date,quantity_sold,store_id,sales_amount
1020,1,12-30-2023,48,1,291.1
1823,1,11-08-2023,31,1,451.22
905,1,09-29-2023,48,1,278.85
1936,1,03-15-2023,29,1,413.17
42,1,02-06-2023,46,1,118.33
1988,1,02-03-2023,32,1,477.06
198,2,10-10-2023,27,1,116.23
1963,2,06-22-2023,13,1,114.18
1707,3,12-23-2023,13,1,108.57
1582,3,10-03-2023,21,1,233.15
745,3,09-27-2023,31,1,169.21
1386,3,09-12-2023,10,1,466.78
953,3,07-19-2023,44,1,269.74
438,3,07-08-2023,22,1,490.05
1808,3,05-18-2023,36,1,126.93
503,3,05-04-2023,14,1,54.94
1883,3,04-01-2023,17,1,15.39
1702,3,01-03-2023,26,1,11.59
1301,4,08-30-2023,44,1,57.43
918,4,07-15-2023,10,1,336.78
185,4,02-16-2023,15,1,499.79
219,4,01-24-2023,21,1,150.22
1291,5,08-24-2023,25,1,7.03
504,5,08-17-2023,39,1,126.14
1122,5,04-12-2023,30,1,262.96
1403,5,03-14-2023,32,1,238.25
1292,6,12-18-2023,39,1,169.98
1875,6,09-11-2023,15,1,321.19
1608,6,09-06-2023,2,1,430.49
493,6,08-05-2023,23,1,272.88
1533,6,04-11-2023,7,1,397.56
1490,6,03-13-2023,44,1,157.5
1446,6,01-21-2023,31,1,215.72
48,7,12-11-2023,42,1,35
855,7,12-05-2023,7,1,28.88
167,7,05-10-2023,31,1,411.95
695,7,04-02-2023,15,1,477.27
869,7,02-21-2023,12,1,426.86
1562,7,02-04-2023,32,1,486.18
1438,8,05-24-2023,9,1,426.57
494,8,02-05-2023,31,1,147.11
949,10,12-18-2023,10,1,232.32
551,10,12-17-2023,18,1,93.78
535,10,12-09-2023,4,1,209.13
638,10,11-21-2023,50,1,204.41
694,10,10-20-2023,24,1,253.51
310,10,09-19-2023,41,1,267.65
955,10,07-03-2023,33,1,148.47
967,10,05-29-2023,43,1,129.09
1526,10,03-01-2023,9,1,242.36
765,10,01-18-2023,19,1,162.76
1457,11,11-14-2023,22,1,259.79
131,11,08-29-2023,2,1,499.95
1906,11,05-31-2023,33,1,394.01
277,11,02-17-2023,28,1,373.57
652,12,12-27-2023,7,1,110.64
867,12,09-19-2023,5,1,452.87
1287,12,08-16-2023,33,1,400.52
1613,12,05-02-2023,39,1,387.73
1706,12,03-06-2023,9,1,99.45
336,13,09-17-2023,50,1,332.65
662,13,03-13-2023,49,1,296.84
1263,14,10-20-2023,47,1,244.41
1674,14,06-15-2023,10,1,45.13
976,14,03-31-2023,42,1,421.69
70,14,03-10-2023,17,1,445.41
1862,14,02-22-2023,1,1,298.48
1731,15,11-13-2023,15,1,283.18
1432,15,06-16-2023,15,1,122.37
246,15,03-13-2023,3,1,155.66
1297,15,01-08-2023,40,1,107.26
1790,16,11-26-2023,36,1,100.25
890,16,09-12-2023,48,1,55.81
1514,16,07-11-2023,33,1,423.41
1967,16,04-29-2023,14,1,181.51
1177,16,04-27-2023,48,1,318.77
1774,17,12-27-2023,33,1,348.76
815,17,11-28-2023,12,1,115.77
126,17,11-15-2023,35,1,453.93
1115,17,08-13-2023,47,1,120.24
403,17,08-10-2023,33,1,416.54
417,17,07-09-2023,33,1,162.96
1577,17,07-07-2023,23,1,383.77
1919,17,06-06-2023,48,1,252.4
684,17,05-18-2023,47,1,386.86
852,17,04-19-2023,47,1,296.9
1323,18,10-25-2023,49,1,379.75
24,18,09-18-2023,32,1,379.11
721,18,03-04-2023,1,1,416.03
2,18,02-22-2023,44,1,297.29
1396,18,01-19-2023,13,1,361.27
705,19,12-31-2023,18,1,26.73
1197,19,12-22-2023,45,1,191.42
757,19,06-19-2023,48,1,122.81
1247,19,04-02-2023,50,1,212.69
1133,20,12-26-2023,35,1,67.28
1130,20,07-10-2023,50,1,128.12
791,20,03-17-2023,37,1,462.84
1192,20,02-13-2023,8,1,125.31
1451,21,12-27-2023,30,1,488.33
1426,21,12-10-2023,3,1,324.21
1124,21,11-19-2023,47,1,373.64
1727,21,11-07-2023,32,1,397.77
1485,21,10-01-2023,20,1,460.61
841,21,09-08-2023,49,1,69.06
647,21,08-14-2023,30,1,495.96
137,21,06-09-2023,7,1,464.8
767,21,02-08-2023,36,1,172.29
1406,22,10-30-2023,5,1,61.52
946,22,10-03-2023,35,1,315.33
1128,22,05-22-2023,38,1,200.93
853,22,03-05-2023,24,1,190.72
1419,23,11-09-2023,45,1,300.15
1730,23,09-15-2023,3,1,172.18
1012,23,09-01-2023,40,1,439.49
1320,23,06-07-2023,26,1,301.14
1286,23,02-27-2023,24,1,390.01
360,24,12-07-2023,43,1,264.12
1799,24,05-11-2023,50,1,81.34
1878,24,01-04-2023,24,1,41.5
1525,25,10-14-2023,40,1,211.59
1767,25,07-04-2023,30,1,77.54
371,25,05-27-2023,23,1,433.57
1422,25,03-02-2023,34,1,311.37
1871,26,11-24-2023,13,1,174.07
1437,26,06-21-2023,9,1,347.64
1994,26,05-20-2023,31,1,475.75
104,26,03-17-2023,2,1,126.2
806,26,01-30-2023,16,1,230.94
1151,27,12-02-2023,32,1,236.69
1067,27,07-14-2023,38,1,166.09
255,28,11-25-2023,41,1,30.04
424,28,10-26-2023,23,1,30.02
1969,28,08-23-2023,15,1,330.69
1846,29,12-20-2023,28,1,458.91
1150,29,11-07-2023,46,1,11.48
1493,29,05-23-2023,13,1,46.38
1339,29,04-06-2023,28,1,291.08
1227,29,01-17-2023,27,1,463.09
499,29,01-02-2023,49,1,489.35
1561,30,11-18-2023,9,1,54.3
1905,30,05-16-2023,42,1,182.75
1907,30,02-20-2023,8,1,183.32
262,31,10-29-2023,21,1,91.25
783,31,09-01-2023,20,1,200.43
1654,31,08-30-2023,23,1,7.65
704,31,08-03-2023,32,1,486.42
1448,31,02-12-2023,36,1,348.11
664,32,05-22-2023,42,1,127.84
107,32,03-17-2023,42,1,446.87
1120,33,07-15-2023,1,1,487.43
136,33,07-08-2023,11,1,390.01
516,33,04-15-2023,22,1,461.5
1653,33,02-07-2023,7,1,30.8
363,33,01-09-2023,23,1,175.68
686,34,12-31-2023,37,1,250.59
1803,34,07-12-2023,8,1,105.27
988,34,07-09-2023,15,1,335.95
788,34,06-13-2023,47,1,48.08
1053,34,05-08-2023,19,1,202.47
760,34,04-18-2023,16,1,178.49
1102,34,03-21-2023,20,1,5.05
15,35,12-26-2023,44,1,306.52
1676,35,11-01-2023,43,1,168.07
124,35,08-12-2023,32,1,197.48
1187,35,08-09-2023,21,1,60.7
430,36,11-16-2023,44,1,68.69
1954,36,03-24-2023,11,1,305.46
191,37,12-06-2023,26,1,230.14
463,37,06-14-2023,19,1,454.43
1576,37,06-14-2023,4,1,297.28
355,37,05-02-2023,20,1,28.64
1541,37,03-29-2023,49,1,486.92
1929,38,12-04-2023,34,1,230.06
1693,38,10-19-2023,4,1,459.06
1506,38,10-11-2023,32,1,412.29
1518,38,09-29-2023,41,1,259.36
1349,38,05-29-2023,11,1,349.05
57,38,04-22-2023,4,1,375.25
921,38,04-15-2023,49,1,182.55
754,38,03-07-2023,12,1,474.65
1394,39,12-23-2023,25,1,317.16
407,39,11-11-2023,35,1,253.77
1391,39,07-25-2023,4,1,185.85
1421,39,06-28-2023,27,1,281.07
1076,39,05-09-2023,36,1,202.21
1126,39,04-12-2023,24,1,432.51
649,39,03-23-2023,18,1,329.02
1926,39,02-17-2023,11,1,339.07
597,39,01-23-2023,46,1,16.18
1529,39,01-15-2023,48,1,115.07
1960,40,08-16-2023,4,1,29.09
1304,40,06-20-2023,13,1,486.97
1983,41,11-26-2023,49,1,262.83
756,41,11-10-2023,15,1,468.66
1634,41,10-22-2023,6,1,83.12
1365,41,09-29-2023,44,1,53.2
563,41,07-04-2023,7,1,7.57
1904,41,05-20-2023,25,1,93.89
192,41,05-10-2023,21,1,485.24
758,41,03-27-2023,41,1,411.72
1310,42,08-21-2023,32,1,37.36
1638,42,05-25-2023,13,1,210.18
1801,42,04-03-2023,2,1,152.52
796,43,12-20-2023,16,1,374.15
590,43,08-09-2023,7,1,53.81
116,43,06-13-2023,35,1,73.5
332,43,03-07-2023,43,1,324.78
1845,43,02-11-2023,37,1,495.18
950,43,01-20-2023,6,1,31.86
1347,44,10-01-2023,50,1,237.09
1868,44,05-30-2023,24,1,261.25
9,45,11-06-2023,17,1,366.22
1189,45,11-01-2023,42,1,385.99
763,45,10-07-2023,25,1,415.26
995,45,09-07-2023,31,1,253.41
132,45,04-25-2023,42,1,391.71
627,45,02-14-2023,29,1,388.94
348,45,01-14-2023,27,1,201.24
1579,46,07-30-2023,23,1,332.31
1957,46,04-02-2023,14,1,446.88
1762,46,03-05-2023,4,1,227.12
587,47,12-26-2023,35,1,59.14
998,47,11-05-2023,46,1,332.25
624,47,10-05-2023,49,1,381.2
896,47,08-20-2023,8,1,380.86
307,47,02-15-2023,28,1,125.44
486,47,02-09-2023,37,1,35.57
361,47,02-04-2023,34,1,198.27
773,47,01-02-2023,28,1,150.8
1467,48,12-11-2023,45,1,98.24
1453,48,11-17-2023,30,1,430.89
1777,48,10-20-2023,19,1,263.77
345,48,10-11-2023,7,1,146.11
385,48,07-10-2023,29,1,289.09
527,48,06-10-2023,27,1,283.45
1620,48,06-07-2023,2,1,421.53
1900,48,05-11-2023,36,1,71.49
349,48,05-01-2023,25,1,190.58
1483,48,04-05-2023,14,1,334.45
1643,48,03-29-2023,37,1,11.99
278,48,03-08-2023,36,1,295.3
1033,48,02-10-2023,39,1,363.62
518,49,12-11-2023,39,1,437.44
888,49,07-26-2023,16,1,232.25
878,49,07-03-2023,40,1,431.98
1282,50,04-06-2023,39,1,432.97
656,50,02-15-2023,47,1,56.08
1447,51,09-03-2023,45,1,228.96
1181,51,08-17-2023,49,1,114.93
1554,51,07-25-2023,45,1,372.01
1787,51,06-23-2023,35,1,479.25
1028,51,03-12-2023,43,1,375.17
1091,51,02-22-2023,7,1,468.71
241,51,01-08-2023,17,1,230.12
168,52,09-09-2023,5,1,80.1
1030,52,06-23-2023,36,1,84.57
1313,52,02-24-2023,21,1,397.25
1800,53,12-14-2023,11,1,309.17
814,53,09-20-2023,2,1,239.68
880,53,08-14-2023,3,1,134.5
1931,53,07-20-2023,11,1,68.92
1610,53,07-06-2023,43,1,201.46
1052,53,06-30-2023,34,1,351.91
46,53,04-08-2023,7,1,331.2
891,53,01-19-2023,36,1,413.82
1001,53,01-12-2023,16,1,68.3
1984,54,11-28-2023,19,1,118.36
801,54,11-06-2023,42,1,98.03
1932,54,09-02-2023,48,1,197.55
999,54,06-19-2023,47,1,243.35
1874,54,06-18-2023,11,1,229.88
1889,55,11-22-2023,16,1,382.73
76,55,10-15-2023,1,1,42.25
510,55,10-12-2023,32,1,486.28
333,55,09-18-2023,24,1,184.49
1501,55,08-01-2023,9,1,76.1
1768,55,07-30-2023,6,1,35.79
172,55,06-06-2023,37,1,306.77
1327,56,06-26-2023,6,1,307.69
1659,56,03-14-2023,17,1,160.07
680,56,03-01-2023,30,1,158.1
272,56,02-20-2023,45,1,427.13
1569,57,08-24-2023,3,1,92.55
1735,57,08-23-2023,49,1,487.46
957,57,07-15-2023,26,1,239.62
1788,57,05-23-2023,42,1,433.65
1252,57,02-10-2023,39,1,126.13
1029,58,12-25-2023,11,1,111.16
1494,58,12-13-2023,43,1,488.04
1165,58,08-18-2023,26,1,364.53
1205,59,10-15-2023,46,1,24.68
1066,59,06-11-2023,45,1,10.85
224,59,05-11-2023,43,1,449.96
1840,59,01-02-2023,28,1,427.66
27,60,09-28-2023,17,1,341.74
808,60,09-16-2023,26,1,342.18
1860,60,08-08-2023,40,1,173.11
1508,60,04-25-2023,2,1,81.24
1893,61,12-06-2023,40,1,87.88
105,61,11-09-2023,50,1,230.43
1351,61,10-24-2023,11,1,329.88
1183,61,10-20-2023,48,1,276.34
1092,61,10-08-2023,4,1,386.61
322,61,09-14-2023,10,1,228.01
843,62,07-16-2023,1,1,269.22
1017,62,07-15-2023,23,1,215.62
865,62,06-19-2023,16,1,11.31
1938,63,08-24-2023,30,1,369.96
645,63,06-25-2023,44,1,27.74
640,63,06-17-2023,38,1,435.11
1113,63,04-07-2023,21,1,80.31
534,63,04-05-2023,35,1,264.35
1415,63,02-11-2023,1,1,93.81
669,64,11-23-2023,39,1,266.5
357,64,11-02-2023,35,1,317.82
1250,64,09-13-2023,35,1,305.95
1539,65,11-10-2023,16,1,54.06
537,65,08-22-2023,24,1,310.83
1045,65,02-24-2023,36,1,254.07
1734,66,11-06-2023,43,1,354.67
525,66,09-12-2023,30,1,402.39
944,66,08-17-2023,32,1,151.73
566,66,07-28-2023,7,1,49.36
690,66,01-02-2023,3,1,126.05
1746,67,12-16-2023,24,1,224.08
1146,67,12-04-2023,5,1,418.42
1553,67,12-04-2023,44,1,64.01
1959,67,11-25-2023,43,1,198.36
1004,67,07-27-2023,39,1,439.86
1690,68,11-19-2023,42,1,148.9
1344,68,05-24-2023,30,1,264.06
732,68,05-08-2023,41,1,494.75
845,68,04-08-2023,2,1,315.21
59,68,03-22-2023,4,1,426.41
1357,68,01-17-2023,22,1,483.84
539,69,10-10-2023,27,1,13.28
1013,69,09-15-2023,49,1,51.13
1844,69,08-18-2023,21,1,198.97
1944,69,05-30-2023,43,1,350.53
917,69,05-27-2023,28,1,263.75
1958,69,04-21-2023,29,1,419.07
1429,69,04-01-2023,11,1,245.11
10,69,03-05-2023,25,1,278.26
1825,69,02-11-2023,42,1,271.63
1114,69,01-12-2023,12,1,144.65
1341,70,10-23-2023,24,1,489.23
1567,70,10-07-2023,2,1,495.4
370,70,08-31-2023,17,1,377.88
260,70,05-09-2023,12,1,332.22
700,70,05-06-2023,10,1,466.54
581,70,04-03-2023,44,1,476.74
1680,71,11-05-2023,25,1,202.43
547,71,09-01-2023,4,1,352.91
1631,71,06-17-2023,30,1,382.18
1946,71,03-04-2023,24,1,378.92
52,71,02-20-2023,4,1,484.65
175,71,02-08-2023,11,1,207.22
279,72,10-15-2023,22,1,208.35
1218,72,09-30-2023,47,1,96.15
1605,72,08-12-2023,28,1,104.99
961,72,03-14-2023,8,1,7.49
230,73,12-18-2023,50,1,455.76
292,73,11-02-2023,6,1,82.01
61,73,05-07-2023,38,1,311.59
1817,73,02-05-2023,20,1,200.68
780,73,02-01-2023,10,1,47.43
1072,74,12-18-2023,15,1,361.8
689,74,12-12-2023,47,1,118.06
935,74,10-09-2023,23,1,393.1
755,74,07-20-2023,50,1,95.13
1671,74,04-03-2023,27,1,126.85
1522,75,06-30-2023,10,1,72.79
439,75,06-07-2023,47,1,300.47
833,75,05-31-2023,30,1,237.92
1696,75,02-11-2023,50,1,61.4
1413,75,01-21-2023,9,1,396.57
127,76,10-16-2023,43,1,46.55
308,76,07-25-2023,34,1,200.9
1503,76,07-12-2023,6,1,207.68
458,76,05-03-2023,16,1,336.57
1543,76,04-05-2023,29,1,94.52
1002,76,03-24-2023,9,1,445.94
1445,76,03-18-2023,37,1,211.8
1859,77,12-04-2023,40,1,229.44
1407,77,11-12-2023,15,1,403.2
1715,77,10-11-2023,19,1,246.31
1319,77,08-26-2023,21,1,411.9
1032,77,08-11-2023,6,1,135.23
962,77,07-21-2023,35,1,155.82
281,77,06-09-2023,23,1,291.07
382,78,12-14-2023,29,1,67.48
344,78,03-12-2023,17,1,322.38
1736,79,11-09-2023,7,1,256.12
1085,79,10-20-2023,26,1,44.16
768,79,09-05-2023,46,1,218.51
251,79,07-28-2023,18,1,346.69
1564,80,11-16-2023,7,1,332.23
409,80,11-06-2023,22,1,413.49
1791,80,10-05-2023,37,1,478.86
561,80,06-01-2023,16,1,45.61
1193,80,03-17-2023,19,1,174.92
861,80,03-02-2023,19,1,393.46
1709,81,10-03-2023,13,1,153.95
215,81,09-07-2023,35,1,310.64
646,81,08-24-2023,2,1,465.07
1853,81,08-17-2023,38,1,47.34
1578,81,06-24-2023,25,1,216.93
1209,81,05-12-2023,25,1,472.35
839,81,04-01-2023,21,1,7.33
978,81,02-09-2023,47,1,446.59
1405,81,01-26-2023,20,1,230.81
903,82,12-11-2023,38,1,387.21
834,82,10-26-2023,38,1,238.75
1897,82,10-26-2023,42,1,107.56
708,82,07-21-2023,5,1,220.32
854,82,05-11-2023,50,1,298.99
1977,82,04-30-2023,33,1,120.14
1375,82,03-04-2023,46,1,47.76
1322,83,12-05-2023,4,1,112.72
954,83,11-13-2023,5,1,351.94
1460,83,10-14-2023,46,1,282.58
1238,83,08-20-2023,6,1,93.99
884,83,07-17-2023,10,1,10.76
1679,83,05-25-2023,21,1,373.18
626,84,05-07-2023,20,1,227.62
945,84,04-09-2023,21,1,474.36
133,84,01-21-2023,49,1,475.06
286,85,12-22-2023,18,1,94.31
1869,85,12-14-2023,10,1,122.51
1201,85,12-04-2023,24,1,14.44
1670,85,10-27-2023,14,1,265.38
738,85,05-04-2023,18,1,383.2
1942,85,04-04-2023,45,1,199.81
1014,85,03-08-2023,39,1,449
969,86,12-02-2023,16,1,146.14
1826,86,08-16-2023,44,1,179.73
280,86,08-05-2023,47,1,484.36
1656,86,07-09-2023,9,1,292.34
882,86,06-23-2023,34,1,219.26
1552,87,09-09-2023,44,1,201.2
1458,87,07-06-2023,4,1,194.56
186,87,05-18-2023,37,1,382.74
1884,87,03-12-2023,25,1,172.5
1857,87,01-29-2023,36,1,150.98
1371,87,01-05-2023,5,1,208.57
942,88,06-14-2023,25,1,196.01
925,88,06-10-2023,36,1,11.42
956,88,06-04-2023,39,1,144.35
920,88,05-09-2023,10,1,346.84
442,88,05-05-2023,3,1,99.44
1065,88,03-31-2023,30,1,350.63
824,88,03-13-2023,47,1,329.42
1174,89,12-26-2023,37,1,299.64
1511,89,11-27-2023,16,1,64.08
915,89,11-23-2023,21,1,381.58
77,89,03-18-2023,35,1,418.12
1581,89,02-03-2023,20,1,172.11
1855,89,02-03-2023,9,1,459.96
702,89,01-05-2023,22,1,380.67
1159,90,12-07-2023,28,1,87.57
109,90,09-23-2023,30,1,280.92
1584,90,08-29-2023,38,1,492.95
741,90,07-03-2023,38,1,353.21
457,90,05-20-2023,9,1,309.76
545,90,04-26-2023,20,1,328.6
1180,90,04-24-2023,10,1,338.45
860,90,03-12-2023,27,1,258.23
84,90,02-25-2023,25,1,430
876,90,01-31-2023,11,1,210.93
1547,91,05-28-2023,36,1,45.71
514,91,03-15-2023,30,1,283.38
682,91,03-12-2023,45,1,86.1
1420,92,09-13-2023,40,1,315.46
1241,92,04-14-2023,30,1,128.79
838,92,04-03-2023,50,1,246.35
452,93,05-21-2023,19,1,288.87
159,93,04-09-2023,21,1,372.73
1611,93,03-13-2023,16,1,287.63
1400,93,01-22-2023,26,1,109.78
1005,94,12-05-2023,19,1,112.21
364,94,12-03-2023,41,1,386.89
960,94,11-28-2023,24,1,278.99
1489,94,08-15-2023,22,1,367.16
250,94,03-21-2023,27,1,417.68
1154,94,02-06-2023,20,1,472.58
1041,95,12-27-2023,5,1,277.05
289,95,11-21-2023,2,1,374.33
1781,95,09-08-2023,1,1,276.03
365,95,06-20-2023,9,1,179.39
101,95,03-28-2023,43,1,145.47
1074,95,03-18-2023,31,1,92.42
555,95,03-13-2023,45,1,252.89
1090,96,12-25-2023,48,1,109.23
381,96,12-14-2023,11,1,75.68
1701,96,11-06-2023,17,1,219.73
1258,96,10-24-2023,24,1,51.1
1232,96,10-20-2023,39,1,262.72
467,96,05-29-2023,3,1,152.7
217,96,02-16-2023,28,1,381.38
707,96,02-13-2023,38,1,255.19
604,97,12-27-2023,5,1,400.75
1683,97,12-01-2023,10,1,152.78
940,97,11-29-2023,1,1,336.12
293,97,11-13-2023,4,1,139.69
1805,97,09-16-2023,25,1,138.3
165,97,09-09-2023,7,1,289.16
1979,97,05-05-2023,40,1,34.66
678,98,11-29-2023,44,1,158.53
1132,98,11-17-2023,4,1,180.98
1428,98,08-21-2023,3,1,371.51
1260,98,08-07-2023,36,1,149.95
32,98,03-24-2023,35,1,301.48
1828,99,12-23-2023,1,1,234.03
1627,99,11-26-2023,27,1,140.65
1519,99,11-18-2023,12,1,301.39
285,99,11-15-2023,40,1,306.45
120,99,10-27-2023,45,1,429.08
411,99,10-20-2023,27,1,251.53
140,99,06-04-2023,44,1,399.13
672,99,02-07-2023,2,1,11.83
18,99,01-29-2023,15,1,403.5
1747,99,01-06-2023,46,1,46.97
1380,100,02-07-2023,18,1,194.49
359,1,11-11-2023,23,2,287.48
98,1,06-05-2023,19,2,217.79
30,1,05-15-2023,33,2,256.3
163,2,12-29-2023,35,2,140.78
984,2,12-06-2023,16,2,379.82
670,2,07-04-2023,21,2,196.48
426,2,02-25-2023,28,2,441.82
1142,3,11-14-2023,24,2,163.74
1922,3,10-18-2023,3,2,81.08
1640,3,10-13-2023,42,2,453.89
1793,3,03-03-2023,43,2,481.38
1879,4,10-12-2023,8,2,148.84
1807,4,07-28-2023,41,2,457.3
735,4,06-13-2023,39,2,19.51
826,5,10-26-2023,46,2,174.87
235,5,10-24-2023,24,2,49.62
43,5,06-19-2023,5,2,142.85
1118,5,06-19-2023,6,2,32.74
744,5,02-16-2023,4,2,302.82
3,5,01-16-2023,6,2,120.17
864,6,10-08-2023,32,2,345.66
339,6,07-30-2023,24,2,484.95
505,6,07-25-2023,29,2,272.18
1246,6,03-29-2023,22,2,85.25
899,6,03-26-2023,32,2,411.81
74,6,01-02-2023,22,2,320.37
1986,7,12-07-2023,16,2,305.99
1989,7,11-21-2023,10,2,67.15
164,7,10-11-2023,19,2,320.75
1851,7,06-20-2023,34,2,472.06
812,7,03-25-2023,37,2,429.27
60,9,11-01-2023,5,2,204.87
1887,9,03-02-2023,10,2,398.47
1335,10,11-28-2023,2,2,362.06
886,10,09-09-2023,21,2,168.79
653,10,03-09-2023,38,2,262.12
724,10,01-12-2023,5,2,451.74
269,11,06-14-2023,39,2,37.51
1998,11,06-03-2023,39,2,278.66
594,11,03-01-2023,47,2,177.42
353,11,01-10-2023,17,2,418.31
1726,12,12-08-2023,31,2,90.78
464,12,11-30-2023,37,2,269.9
1172,12,10-20-2023,26,2,368.46
148,12,05-23-2023,29,2,376.49
1964,13,12-07-2023,11,2,26.79
549,13,09-28-2023,3,2,109.65
542,13,09-26-2023,10,2,100.01
1290,13,09-22-2023,44,2,106.57
1685,13,07-08-2023,33,2,247.36
770,13,06-19-2023,14,2,207.59
871,13,01-24-2023,1,2,333.36
1972,14,12-31-2023,35,2,129.71
31,14,11-17-2023,20,2,80.66
766,14,02-07-2023,22,2,444.53
1462,15,11-29-2023,31,2,377.82
1355,15,11-06-2023,12,2,331.28
199,15,08-25-2023,8,2,251.7
25,15,03-20-2023,41,2,397.08
1798,15,02-20-2023,35,2,146.25
1482,15,01-22-2023,21,2,223.24
914,17,12-30-2023,42,2,254.43
1692,17,12-17-2023,20,2,263.93
67,17,06-28-2023,5,2,187.92
830,17,05-13-2023,47,2,473.73
1147,17,04-02-2023,3,2,57.99
1185,17,03-11-2023,31,2,246.49
1010,17,02-25-2023,2,2,263.74
1098,18,12-24-2023,35,2,297.46
1215,18,10-25-2023,35,2,431.98
985,18,08-17-2023,11,2,285.35
996,18,08-14-2023,11,2,43.16
1633,18,01-02-2023,26,2,316.01
508,19,12-05-2023,34,2,209.71
347,19,08-12-2023,6,2,409.27
212,19,07-29-2023,42,2,42.04
1811,19,07-11-2023,35,2,392.1
312,19,05-12-2023,13,2,303.19
180,19,02-06-2023,4,2,397.35
562,20,07-14-2023,46,2,371.13
1334,20,05-28-2023,43,2,71.47
1664,20,01-28-2023,15,2,22.75
1116,20,01-08-2023,32,2,174.25
1257,21,12-11-2023,19,2,483.32
1515,21,10-25-2023,4,2,163.24
1524,21,02-22-2023,14,2,254.17
1737,22,11-19-2023,8,2,455.94
408,22,10-31-2023,38,2,89.74
16,22,10-01-2023,47,2,85.88
851,22,07-26-2023,2,2,116.04
1555,22,02-03-2023,24,2,172.62
1481,23,12-29-2023,45,2,84.82
929,23,12-16-2023,5,2,481.43
1990,23,10-31-2023,36,2,121.97
728,23,07-01-2023,14,2,141.12
338,24,12-21-2023,50,2,361.99
1639,24,07-21-2023,25,2,15.26
1089,24,01-12-2023,9,2,332.7
519,25,10-28-2023,47,2,242.3
1829,25,08-16-2023,1,2,372.86
311,25,06-28-2023,23,2,121.95
1156,25,04-09-2023,34,2,287.16
901,25,03-03-2023,26,2,231.24
919,26,05-17-2023,49,2,491.85
139,26,02-08-2023,38,2,55.44
134,26,01-11-2023,40,2,123.08
947,27,12-10-2023,41,2,433.15
1981,27,11-25-2023,3,2,462.09
1195,27,10-03-2023,14,2,275.48
415,27,06-24-2023,39,2,159.73
1885,27,06-06-2023,30,2,187.97
252,28,08-16-2023,29,2,428.45
54,28,07-25-2023,4,2,192.59
1410,28,01-24-2023,38,2,171.07
591,29,09-19-2023,48,2,225.66
117,30,07-16-2023,45,2,354.68
258,30,06-18-2023,50,2,395.38
178,30,05-16-2023,41,2,215.44
86,30,04-25-2023,2,2,202.24
1359,31,12-05-2023,29,2,109.37
341,31,06-08-2023,31,2,187.08
611,31,06-06-2023,8,2,189.79
1057,31,05-04-2023,17,2,118.46
573,32,11-17-2023,32,2,231.64
1058,32,11-13-2023,23,2,390.57
387,32,02-28-2023,2,2,252.03
1850,32,02-25-2023,31,2,479.61
951,33,10-13-2023,5,2,455.94
1018,33,09-02-2023,50,2,455.49
857,33,08-31-2023,45,2,106.72
965,33,04-10-2023,8,2,337.13
1951,33,02-28-2023,46,2,166.92
650,33,02-12-2023,24,2,30.63
174,34,12-05-2023,6,2,123.73
440,34,12-02-2023,50,2,362.09
1700,34,06-24-2023,12,2,96.62
1882,34,03-31-2023,22,2,93.38
1602,35,05-27-2023,42,2,131.94
711,35,04-30-2023,5,2,72.38
1607,36,12-04-2023,36,2,323.93
1139,36,11-03-2023,36,2,39.09
931,36,10-12-2023,17,2,84.66
1043,36,04-26-2023,39,2,230.11
840,36,04-18-2023,49,2,290.26
509,36,02-01-2023,36,2,314.87
887,36,01-26-2023,33,2,277.5
6,36,01-04-2023,49,2,350.58
1765,37,12-08-2023,46,2,358.6
1166,37,11-02-2023,2,2,496.74
1312,37,06-28-2023,39,2,256.44
644,37,06-22-2023,36,2,285.24
1469,37,02-09-2023,7,2,141.59
1440,38,11-06-2023,11,2,291.17
1488,38,08-31-2023,19,2,400.79
1182,38,07-21-2023,10,2,171.4
1590,39,10-21-2023,26,2,314.16
1362,39,09-01-2023,48,2,193
450,39,05-28-2023,46,2,346.67
1236,39,05-27-2023,30,2,214.12
584,39,05-04-2023,17,2,359.04
1167,39,01-04-2023,20,2,111.34
1527,40,12-20-2023,24,2,409.43
1216,40,12-19-2023,46,2,217.88
1248,40,08-17-2023,19,2,63.19
34,40,05-03-2023,4,2,439.61
676,40,02-10-2023,33,2,487.29
1179,41,10-04-2023,37,2,166.78
936,41,09-27-2023,15,2,262.7
1748,41,07-25-2023,50,2,219.87
552,41,01-09-2023,14,2,377.37
881,41,01-07-2023,46,2,489.06
1240,42,08-19-2023,2,2,229.57
717,42,03-17-2023,6,2,484.36
747,42,01-31-2023,2,2,295.37
1492,42,01-29-2023,39,2,293.8
831,43,12-02-2023,6,2,180.87
1214,43,08-18-2023,35,2,107.34
1629,43,08-05-2023,7,2,350.75
1270,43,06-29-2023,36,2,10.59
520,43,06-05-2023,1,2,468.89
256,43,05-05-2023,9,2,38.96
598,44,11-28-2023,7,2,465.31
1281,44,07-12-2023,41,2,287.64
750,44,06-04-2023,21,2,488.05
910,44,05-31-2023,29,2,73.4
7,44,05-23-2023,10,2,478.82
323,44,02-13-2023,33,2,24.38
41,44,01-11-2023,38,2,296.28
781,45,10-05-2023,27,2,279.03
742,46,10-18-2023,37,2,283.74
1544,46,07-14-2023,28,2,259.55
232,46,04-23-2023,41,2,312.34
1995,47,07-23-2023,25,2,238
972,47,06-11-2023,28,2,7.39
1930,48,09-23-2023,1,2,166.75
1980,48,09-13-2023,19,2,80.08
397,48,08-28-2023,36,2,307.91
1285,48,08-20-2023,20,2,264.92
220,48,08-09-2023,10,2,267.93
1356,48,03-31-2023,17,2,245.03
243,48,02-25-2023,44,2,238.38
517,48,02-17-2023,35,2,30.51
803,48,01-29-2023,33,2,37.48
301,49,09-30-2023,46,2,252.63
1987,49,09-24-2023,21,2,223.97
1815,49,06-29-2023,41,2,294.65
703,49,06-07-2023,7,2,267.26
17,49,05-19-2023,41,2,343.88
1226,50,09-09-2023,31,2,86.07
202,50,04-08-2023,39,2,432.69
592,51,08-26-2023,50,2,175.76
1040,51,07-27-2023,38,2,261.28
580,51,07-06-2023,8,2,298.15
492,51,05-11-2023,1,2,291.26
1749,51,01-19-2023,43,2,451.74
601,52,11-19-2023,12,2,322.04
1486,52,09-13-2023,50,2,474.16
1071,52,05-24-2023,29,2,287.85
19,52,05-18-2023,5,2,457
675,52,02-12-2023,41,2,142.35
1389,52,02-05-2023,35,2,6.64
428,52,01-27-2023,37,2,184.45
81,53,11-14-2023,48,2,463.25
1007,53,11-04-2023,10,2,313.49
1262,53,09-26-2023,14,2,307.97
1601,53,06-13-2023,5,2,423.75
1550,53,05-29-2023,28,2,429.1
1228,53,04-24-2023,48,2,380.1
1433,53,04-13-2023,25,2,41.4
1080,53,03-04-2023,23,2,290.54
634,53,01-31-2023,18,2,352.21
836,53,01-28-2023,10,2,496.21
515,54,10-13-2023,34,2,197.27
123,54,10-03-2023,48,2,246.67
1500,54,08-15-2023,19,2,403.81
603,55,07-19-2023,1,2,106.86
1899,55,07-13-2023,37,2,468.07
1687,55,07-08-2023,40,2,219.88
648,55,04-14-2023,45,2,441.66
128,55,03-11-2023,30,2,29.89
906,56,10-27-2023,31,2,347.45
1317,56,10-18-2023,22,2,90.68
1332,56,10-07-2023,14,2,240.06
602,56,07-22-2023,2,2,227.54
1107,56,07-22-2023,16,2,358.89
1163,56,06-15-2023,39,2,283.76
1684,56,06-08-2023,44,2,182.73
679,56,05-03-2023,4,2,47.68
1647,56,04-16-2023,39,2,497.63
779,57,08-27-2023,17,2,419.35
443,57,06-10-2023,27,2,209.42
1191,57,01-23-2023,15,2,344.25
904,58,08-23-2023,43,2,482.11
1233,58,08-22-2023,3,2,261.76
941,58,05-04-2023,42,2,479.65
729,58,03-18-2023,3,2,325.4
922,58,02-22-2023,40,2,372.49
1810,58,02-12-2023,41,2,392.53
1775,59,08-31-2023,3,2,472.31
1170,59,07-02-2023,10,2,136.17
1813,60,11-14-2023,19,2,5.27
225,60,05-28-2023,44,2,41.56
1641,60,04-12-2023,17,2,29.64
239,60,02-08-2023,10,2,430.77
1551,61,12-14-2023,24,2,11.33
135,61,12-09-2023,8,2,235.19
462,61,09-02-2023,42,2,379.18
691,61,07-06-2023,25,2,93.59
1721,61,06-26-2023,29,2,256.28
1712,61,01-11-2023,29,2,104.66
1343,62,12-20-2023,6,2,366.44
367,62,11-20-2023,12,2,36.23
1864,62,11-14-2023,29,2,125.36
1000,62,09-03-2023,14,2,325.39
1336,63,12-03-2023,28,2,46.91
153,63,10-12-2023,49,2,346.85
615,63,05-28-2023,9,2,160.72
44,63,04-20-2023,35,2,363.06
390,63,04-13-2023,8,2,427.15
1586,63,02-21-2023,45,2,171.3
1779,63,01-15-2023,10,2,392.98
1728,64,06-05-2023,16,2,280.63
862,64,04-12-2023,39,2,390.09
1835,64,03-29-2023,36,2,331.62
1645,64,03-02-2023,15,2,99.32
247,64,03-01-2023,7,2,444.19
1011,65,12-17-2023,27,2,304.73
1587,65,12-08-2023,22,2,309.34
343,65,09-28-2023,27,2,409.36
633,66,12-14-2023,7,2,481.57
1892,66,10-27-2023,32,2,365.01
1169,66,10-12-2023,37,2,51.67
1816,66,05-25-2023,3,2,370.9
395,66,04-25-2023,8,2,397.07
964,66,03-14-2023,11,2,114.29
91,66,03-01-2023,25,2,131.09
1635,67,11-29-2023,49,2,424.25
1565,67,09-10-2023,30,2,150.31
434,67,08-22-2023,10,2,167.34
40,67,08-20-2023,8,2,116.23
488,67,08-15-2023,8,2,359.87
152,67,04-08-2023,6,2,361.44
404,67,03-20-2023,20,2,85.17
1155,67,02-19-2023,7,2,268.17
805,68,10-19-2023,2,2,100.42
459,68,04-26-2023,41,2,30.98
614,69,12-22-2023,42,2,279.68
513,69,08-31-2023,16,2,153.86
498,69,07-21-2023,34,2,365.29
1402,69,03-18-2023,48,2,462.78
1204,69,02-15-2023,12,2,252.82
928,70,11-05-2023,13,2,150.62
981,70,08-30-2023,42,2,186.08
959,70,06-01-2023,41,2,152.54
179,70,04-26-2023,42,2,454.66
1908,70,04-13-2023,22,2,339.18
487,71,09-16-2023,13,2,86.45
912,71,06-10-2023,46,2,104.44
1253,71,05-23-2023,40,2,29.21
321,71,01-22-2023,29,2,164.16
1918,72,01-16-2023,24,2,290.87
221,73,12-16-2023,12,2,91.66
473,73,12-12-2023,49,2,91.87
1836,73,12-11-2023,44,2,37.35
1274,73,11-12-2023,2,2,101.04
1048,73,09-05-2023,50,2,379.95
671,73,08-04-2023,24,2,382.55
169,73,06-05-2023,6,2,63.63
698,73,06-05-2023,48,2,234.64
1477,73,03-09-2023,20,2,395.69
66,73,02-21-2023,5,2,255.41
384,73,01-17-2023,39,2,341.14
620,73,01-16-2023,49,2,149.58
659,73,01-05-2023,40,2,222.85
764,74,11-30-2023,49,2,85.51
45,74,10-23-2023,31,2,393.39
1325,74,08-17-2023,13,2,342.35
613,74,07-16-2023,28,2,245.9
358,74,05-04-2023,46,2,149.18
1239,75,12-23-2023,35,2,199.57
1540,75,01-08-2023,34,2,359.33
699,76,09-10-2023,50,2,367.57
147,76,05-18-2023,21,2,416.21
610,76,02-13-2023,44,2,160.03
1009,77,10-30-2023,5,2,192.21
1037,77,09-19-2023,34,2,309.52
1556,77,07-26-2023,8,2,419.86
1822,77,06-18-2023,2,2,324.99
1603,77,05-01-2023,26,2,61.21
1035,77,01-30-2023,50,2,321.94
259,77,01-02-2023,18,2,493.83
909,78,12-21-2023,49,2,140.43
1006,78,08-30-2023,31,2,113.59
38,78,08-05-2023,14,2,357.91
1376,78,03-08-2023,25,2,448.52
4,78,01-14-2023,36,2,359.43
661,79,12-18-2023,29,2,47.91
971,79,12-04-2023,20,2,284.95
629,79,11-20-2023,28,2,309.99
1831,79,11-17-2023,20,2,120.96
1456,79,10-05-2023,37,2,394.91
222,79,07-15-2023,40,2,251.35
1223,79,04-29-2023,39,2,119.3
1978,79,03-05-2023,20,2,370.27
1237,79,01-28-2023,45,2,234.47
244,80,10-15-2023,21,2,325.59
1595,80,09-21-2023,30,2,441.04
1374,80,02-17-2023,4,2,475.49
1404,80,01-24-2023,16,2,12.11
1596,81,12-27-2023,34,2,290.54
11,81,11-13-2023,24,2,353.76
1414,81,11-10-2023,25,2,12.74
197,81,11-08-2023,16,2,158.82
651,81,06-06-2023,47,2,217.47
536,81,04-29-2023,5,2,9.53
144,82,08-24-2023,46,2,220.57
481,82,06-01-2023,24,2,113.47
1221,82,05-21-2023,10,2,57.85
1051,82,04-23-2023,44,2,401.08
1031,82,01-03-2023,6,2,238.48
1108,83,07-19-2023,25,2,135.18
997,83,05-24-2023,14,2,97.52
813,83,04-26-2023,44,2,138.2
1276,83,03-11-2023,31,2,315.46
1081,84,11-29-2023,35,2,489.79
1186,84,10-20-2023,13,2,124.95
273,84,10-10-2023,47,2,217.88
1755,84,07-27-2023,50,2,441.08
1708,84,03-16-2023,42,2,220.72
1697,85,08-25-2023,12,2,422.24
1920,85,07-01-2023,22,2,212.48
1821,85,06-14-2023,22,2,232.6
1570,85,06-05-2023,46,2,248.28
1621,85,01-28-2023,45,2,130.23
125,86,12-14-2023,26,2,421.05
1387,86,07-19-2023,18,2,351.53
1510,86,05-28-2023,27,2,248.48
484,86,04-22-2023,49,2,341.77
1296,86,03-02-2023,18,2,82.96
475,86,02-18-2023,12,2,241.34
233,87,12-04-2023,44,2,315.98
1212,87,11-10-2023,41,2,211.58
1369,87,05-04-2023,47,2,262.38
1689,87,04-25-2023,42,2,465.68
1038,87,01-19-2023,24,2,329.23
1409,88,10-22-2023,35,2,164.19
1144,88,09-12-2023,50,2,308.45
787,88,08-11-2023,13,2,417.88
1025,88,07-23-2023,49,2,209.55
1623,88,03-04-2023,35,2,429.54
799,88,02-20-2023,15,2,153.74
1242,89,11-29-2023,46,2,360.6
875,89,09-02-2023,27,2,60.96
1876,89,04-28-2023,30,2,123.31
1077,89,03-25-2023,4,2,407.84
1530,89,03-14-2023,45,2,157.18
1516,89,03-11-2023,23,2,31.18
541,90,12-12-2023,28,2,57.97
522,90,11-06-2023,46,2,201.33
716,90,11-05-2023,3,2,418.78
5,90,10-07-2023,27,2,227.36
1470,90,03-17-2023,32,2,438.12
1833,91,12-28-2023,39,2,8.53
1934,91,12-07-2023,31,2,303.84
804,91,09-17-2023,26,2,391.36
324,91,08-13-2023,29,2,185.13
92,91,08-12-2023,1,2,185.29
209,91,07-15-2023,25,2,250.19
1299,91,05-26-2023,37,2,89.78
218,91,02-21-2023,29,2,348.53
394,92,12-30-2023,45,2,397.88
1940,92,06-02-2023,26,2,210.45
784,92,01-18-2023,33,2,64.54
328,93,12-03-2023,39,2,170.01
1784,93,11-07-2023,9,2,254.86
569,93,10-14-2023,16,2,344.23
1173,93,06-16-2023,31,2,246.7
421,93,06-10-2023,13,2,251.64
1373,93,05-26-2023,17,2,21.85
660,93,04-20-2023,41,2,460.35
1599,94,11-17-2023,4,2,185.32
1678,94,10-19-2023,9,2,432.32
533,94,06-30-2023,11,2,361.56
49,94,06-23-2023,7,2,99.84
1985,94,06-19-2023,22,2,106.88
681,95,12-03-2023,48,2,64.12
83,95,06-20-2023,27,2,137.07
1095,95,05-26-2023,29,2,69.98
599,95,05-05-2023,34,2,278.2
1637,95,03-10-2023,17,2,345.3
173,95,02-20-2023,49,2,314.63
445,95,02-01-2023,46,2,261.75
1764,96,10-25-2023,37,2,178.42
231,96,09-12-2023,19,2,305.5
1054,96,06-25-2023,5,2,240.89
1615,96,05-01-2023,28,2,76.42
1914,96,04-18-2023,31,2,260.33
1804,97,11-02-2023,38,2,249.02
1744,97,09-29-2023,27,2,73.31
1305,97,08-27-2023,37,2,50.99
785,97,08-18-2023,12,2,486.22
1743,97,08-01-2023,24,2,80.05
1625,97,05-01-2023,20,2,430.41
1505,97,03-12-2023,13,2,416.98
658,97,03-10-2023,42,2,38.86
1536,97,02-19-2023,8,2,295.86
160,98,12-20-2023,12,2,112.11
313,98,12-02-2023,5,2,475.89
257,98,10-11-2023,14,2,407.46
1423,98,10-04-2023,33,2,234.79
36,98,09-30-2023,50,2,68.55
170,98,08-02-2023,39,2,388.97
1294,98,06-09-2023,41,2,163.84
1913,98,03-18-2023,26,2,117.33
712,99,10-27-2023,7,2,57.3
737,99,10-27-2023,15,2,54.57
1733,99,10-13-2023,18,2,427.44
1417,99,09-01-2023,45,2,107.05
1105,99,08-09-2023,19,2,399.4
1217,99,03-16-2023,42,2,162.16
461,99,03-12-2023,1,2,206.42
402,100,10-10-2023,41,2,385.05
819,1,09-19-2023,43,3,282.92
1729,3,07-03-2023,17,3,340.08
1474,3,04-29-2023,34,3,208.79
1279,3,04-17-2023,37,3,400.77
1849,4,10-31-2023,41,3,421.05
593,4,09-05-2023,7,3,210.91
1050,4,09-04-2023,8,3,38.44
685,4,06-21-2023,28,3,264.31
350,4,06-13-2023,7,3,396.73
701,4,04-30-2023,35,3,319.79
775,4,04-16-2023,11,3,488.64
1881,4,04-12-2023,13,3,91.2
261,4,03-09-2023,1,3,396.04
410,4,02-11-2023,3,3,327.31
1255,5,12-08-2023,37,3,168.9
210,5,03-06-2023,33,3,435.5
319,5,01-30-2023,24,3,42.98
12,6,12-05-2023,15,3,492.68
1902,6,08-27-2023,33,3,215.92
184,6,08-10-2023,48,3,303.84
1943,6,05-03-2023,11,3,441.87
1843,6,04-25-2023,4,3,459.6
1293,6,02-22-2023,34,3,16.13
1698,6,02-12-2023,27,3,160.4
1865,6,01-31-2023,9,3,294.34
990,6,01-21-2023,42,3,56.1
433,6,01-20-2023,9,3,402.96
326,7,11-20-2023,42,3,37.63
1479,7,03-17-2023,23,3,230.68
1750,8,11-20-2023,46,3,212.56
491,8,10-14-2023,30,3,363.02
1278,8,09-24-2023,20,3,279.81
1854,8,01-18-2023,25,3,445.59
298,8,01-04-2023,14,3,472.94
93,9,12-07-2023,22,3,333.38
142,9,09-17-2023,42,3,11.26
696,9,08-27-2023,19,3,167.01
118,9,08-01-2023,27,3,273.59
1111,9,04-04-2023,9,3,59.63
1593,10,11-30-2023,20,3,219.29
1378,10,11-24-2023,30,3,385.83
1589,10,10-02-2023,14,3,136.25
1454,10,07-17-2023,45,3,267.81
1385,10,02-06-2023,37,3,389.73
1094,11,12-02-2023,25,3,118.53
548,11,09-13-2023,28,3,285.1
455,11,06-27-2023,29,3,374.93
377,11,06-17-2023,43,3,156.72
1609,11,06-10-2023,39,3,434.25
1901,11,06-01-2023,29,3,118.94
1756,11,01-19-2023,35,3,198.05
1416,12,12-28-2023,42,3,211.03
1591,12,10-24-2023,7,3,140.32
253,13,12-18-2023,24,3,34.97
859,13,12-06-2023,34,3,313.28
431,13,07-21-2023,24,3,281.13
847,14,07-16-2023,33,3,87.67
283,14,06-29-2023,36,3,61.87
228,14,05-02-2023,25,3,289.53
1273,15,12-18-2023,22,3,201.04
28,15,12-16-2023,35,3,385.46
623,15,10-21-2023,8,3,388.68
1719,15,09-11-2023,40,3,226.92
89,15,05-14-2023,12,3,23.94
1761,15,01-31-2023,24,3,315.36
1466,16,08-29-2023,46,3,228.73
1568,16,07-16-2023,29,3,427.17
1778,16,07-10-2023,20,3,155.11
94,16,06-03-2023,33,3,335.11
1818,16,03-13-2023,47,3,439.75
715,16,02-16-2023,11,3,414.06
237,17,10-04-2023,24,3,416.08
1353,17,09-16-2023,5,3,129.77
1660,17,09-13-2023,18,3,463.49
635,17,05-08-2023,10,3,415.1
709,17,05-02-2023,19,3,426.2
1249,17,04-14-2023,1,3,11.04
1837,17,02-03-2023,9,3,467.11
977,18,10-03-2023,13,3,368.1
470,18,09-16-2023,30,3,100.44
248,18,07-18-2023,30,3,336.89
850,18,06-25-2023,32,3,376.31
335,18,03-21-2023,5,3,422.99
1261,18,03-04-2023,45,3,167.96
454,19,05-29-2023,3,3,477.88
1538,19,05-23-2023,38,3,179.34
1600,19,05-04-2023,10,3,422.84
1084,19,03-27-2023,41,3,213.8
748,19,02-26-2023,34,3,480.48
1003,19,01-29-2023,11,3,461.61
1254,19,01-29-2023,42,3,23.18
1219,19,01-16-2023,49,3,440.67
1649,19,01-15-2023,19,3,121.57
1140,20,08-19-2023,19,3,273.09
933,20,01-21-2023,10,3,300.46
1725,21,11-15-2023,14,3,346.9
68,21,08-13-2023,35,3,307.78
1626,21,08-13-2023,41,3,440.34
1759,21,01-12-2023,2,3,124.46
1207,21,01-10-2023,23,3,180.91
1480,22,11-13-2023,11,3,95.23
1520,22,10-06-2023,21,3,414.28
688,22,07-08-2023,11,3,387.8
570,22,03-13-2023,18,3,137.86
1096,22,01-15-2023,3,3,430.88
752,23,12-29-2023,36,3,115.5
97,23,11-12-2023,37,3,206.01
740,23,04-01-2023,16,3,404.07
1968,23,01-08-2023,26,3,10.93
1267,24,11-09-2023,15,3,489.73
1160,24,10-09-2023,26,3,330.48
1138,24,10-06-2023,23,3,367.54
1222,24,01-14-2023,49,3,304.77
1880,25,11-20-2023,38,3,26.73
1863,25,10-21-2023,9,3,180.92
1333,25,10-12-2023,25,3,420.78
1888,25,09-30-2023,25,3,162.39
743,25,09-10-2023,35,3,91.9
162,25,06-01-2023,15,3,93.82
1295,25,05-27-2023,18,3,387.53
449,25,05-07-2023,18,3,116.31
1604,25,01-15-2023,16,3,234.76
1271,26,12-20-2023,19,3,396.15
968,26,10-25-2023,32,3,181.78
1537,26,04-05-2023,43,3,19.48
1847,26,03-26-2023,22,3,36.11
1928,26,02-05-2023,25,3,106.92
369,26,01-22-2023,21,3,260.11
63,27,12-09-2023,46,3,123.15
1819,27,11-09-2023,33,3,442.55
1123,27,08-31-2023,25,3,468.43
72,27,06-25-2023,14,3,255.18
630,27,04-16-2023,4,3,268.48
1933,27,03-08-2023,14,3,218.94
295,28,09-20-2023,8,3,217.81
1164,28,07-12-2023,50,3,183.2
456,28,04-14-2023,35,3,466.85
980,28,01-19-2023,36,3,274.02
982,29,10-29-2023,47,3,71.27
739,29,10-22-2023,25,3,467.93
994,29,09-22-2023,26,3,409.53
938,29,04-20-2023,43,3,168.88
85,29,04-13-2023,30,3,156.07
528,29,03-16-2023,2,3,278.89
1308,29,03-15-2023,40,3,456.87
897,29,01-02-2023,22,3,415.79
1838,30,09-25-2023,47,3,99.97
706,30,09-24-2023,27,3,231.94
1478,30,09-05-2023,24,3,386.03
1134,30,06-12-2023,36,3,403.74
501,30,05-07-2023,30,3,81.79
13,30,02-21-2023,25,3,229.44
1101,30,02-15-2023,29,3,186.06
383,31,11-27-2023,24,3,194.51
216,31,11-20-2023,44,3,498.73
554,31,10-18-2023,25,3,195
523,31,10-10-2023,21,3,193.43
396,31,09-10-2023,2,3,279.24
628,31,04-18-2023,48,3,431.22
80,32,12-08-2023,7,3,391.16
588,32,12-03-2023,43,3,87.34
531,32,09-13-2023,36,3,132.38
693,32,08-02-2023,47,3,139.27
579,32,06-16-2023,25,3,409.16
1619,32,05-23-2023,10,3,240.23
1580,32,05-01-2023,42,3,298.3
846,32,04-26-2023,45,3,159.49
238,33,09-04-2023,19,3,403.1
1909,33,06-04-2023,48,3,99.37
406,33,04-11-2023,41,3,66.96
1535,33,01-23-2023,5,3,335.46
811,34,12-19-2023,6,3,18.59
1079,34,07-04-2023,24,3,175.35
151,34,06-24-2023,18,3,280.12
797,35,07-10-2023,2,3,409.61
1606,35,03-11-2023,2,3,395.89
873,35,02-17-2023,24,3,95.52
1970,36,11-29-2023,40,3,26.75
270,36,11-16-2023,41,3,193.55
1512,36,09-10-2023,5,3,292.63
115,36,08-14-2023,5,3,121.07
203,36,08-01-2023,22,3,411.17
822,36,05-14-2023,42,3,98.24
621,36,04-26-2023,35,3,88.26
1210,36,04-26-2023,10,3,449.1
87,36,02-05-2023,50,3,178.82
1939,37,11-27-2023,30,3,351.66
325,37,07-18-2023,27,3,341.05
1498,37,06-26-2023,23,3,488.87
1661,37,05-15-2023,40,3,260.9
1427,37,04-18-2023,28,3,170.48
1199,37,04-13-2023,45,3,31.28
1669,37,04-03-2023,11,3,283.81
1352,38,11-16-2023,2,3,244.96
898,38,10-08-2023,34,3,352.54
1455,38,08-07-2023,49,3,350.54
632,38,05-29-2023,37,3,476.44
572,39,09-05-2023,5,3,129.59
1502,39,09-01-2023,34,3,37.73
1208,39,05-01-2023,33,3,406.89
156,40,12-06-2023,38,3,239.26
564,40,08-16-2023,24,3,55.6
79,40,07-06-2023,3,3,108.99
309,40,06-23-2023,15,3,390.66
1272,40,06-03-2023,33,3,384.68
1061,41,09-10-2023,37,3,247.95
1752,41,06-26-2023,1,3,450.6
1326,41,06-03-2023,37,3,459.66
1265,41,05-13-2023,34,3,463.92
447,41,03-30-2023,30,3,275.41
1487,41,03-21-2023,1,3,325.39
1168,41,01-12-2023,50,3,459.96
1097,42,09-01-2023,30,3,276.53
1841,42,08-10-2023,27,3,65.25
1431,42,08-03-2023,13,3,118.88
1145,42,07-29-2023,42,3,59.68
95,42,07-26-2023,45,3,279.43
1891,42,05-07-2023,4,3,437.06
558,42,01-16-2023,41,3,392.86
1873,43,10-24-2023,37,3,309.97
372,43,05-20-2023,8,3,221.29
1381,43,01-31-2023,17,3,93.08
1475,44,12-02-2023,42,3,245.64
1086,44,04-27-2023,21,3,328.24
1046,44,03-01-2023,33,3,438.68
1392,44,02-11-2023,30,3,325.66
1298,45,10-09-2023,21,3,75.07
683,45,09-25-2023,34,3,87.65
318,46,09-17-2023,5,3,233.56
1055,46,04-22-2023,37,3,95.48
714,46,04-17-2023,29,3,234.36
1280,46,02-03-2023,10,3,421.17
807,47,12-27-2023,13,3,187.33
1517,47,08-03-2023,41,3,29.11
14,47,03-25-2023,24,3,108.71
974,47,03-10-2023,44,3,439.55
291,48,06-09-2023,47,3,389.53
1563,49,11-06-2023,44,3,80.6
1585,49,10-20-2023,25,3,288.41
171,49,08-19-2023,29,3,430.78
817,49,06-28-2023,30,3,113.01
1961,49,04-14-2023,16,3,454.83
1894,50,11-27-2023,49,3,251.8
388,50,10-15-2023,8,3,388.61
663,50,06-29-2023,28,3,396.58
1622,50,06-08-2023,41,3,452.06
55,50,05-16-2023,30,3,214.39
1624,50,01-05-2023,26,3,153.94
710,51,12-25-2023,48,3,162.44
718,51,09-20-2023,4,3,133.78
1495,51,04-10-2023,32,3,303.57
1309,51,04-04-2023,45,3,395.45
64,51,03-09-2023,43,3,231.33
480,52,12-18-2023,33,3,346.69
39,52,12-10-2023,42,3,221.86
1034,52,11-11-2023,42,3,357.24
1044,52,10-22-2023,1,3,91.64
1559,52,09-06-2023,33,3,77.95
373,52,08-14-2023,25,3,486.99
874,52,07-24-2023,30,3,418.68
1188,53,08-05-2023,24,3,99.29
1449,53,04-22-2023,9,3,151.42
1545,53,02-27-2023,49,3,66.19
62,54,12-03-2023,38,3,467.68
420,54,05-08-2023,11,3,467.21
1780,54,01-25-2023,20,3,111.71
1023,55,11-30-2023,38,3,134.34
1109,55,11-17-2023,16,3,145.92
23,55,10-26-2023,26,3,113.56
643,55,04-19-2023,32,3,164.82
1070,55,04-18-2023,27,3,185.71
1688,55,02-17-2023,3,3,486.77
1691,56,02-10-2023,31,3,78.56
1720,56,01-11-2023,11,3,364.47
1473,57,11-27-2023,2,3,98.59
317,57,11-20-2023,20,3,297.75
725,57,03-07-2023,6,3,65.65
1036,57,01-06-2023,13,3,101.4
654,57,01-05-2023,1,3,409.47
616,58,11-14-2023,4,3,476.16
205,58,10-03-2023,31,3,169.56
559,58,09-09-2023,15,3,278.75
401,58,08-27-2023,44,3,68.53
1083,58,02-10-2023,25,3,234.56
1399,58,01-09-2023,3,3,32.75
1112,59,11-13-2023,29,3,351.73
1439,59,08-03-2023,11,3,113.83
158,59,05-19-2023,20,3,119.12
1436,59,04-10-2023,41,3,487.9
1560,59,02-25-2023,8,3,247.22
1695,60,12-05-2023,47,3,180.95
1459,60,11-13-2023,3,3,186.38
975,60,08-17-2023,23,3,246.05
1903,60,08-10-2023,27,3,403.23
1895,60,04-02-2023,21,3,265.11
1658,60,03-09-2023,6,3,356.58
1069,61,11-10-2023,22,3,96.04
810,61,10-28-2023,36,3,175.4
37,61,10-09-2023,11,3,266.2
166,61,09-03-2023,29,3,96.26
189,61,06-28-2023,27,3,163.92
794,61,01-20-2023,12,3,204.47
1896,62,09-11-2023,31,3,292.69
161,62,05-22-2023,47,3,490.35
1814,62,05-20-2023,39,3,420.55
1027,62,05-10-2023,20,3,388.23
821,62,02-02-2023,22,3,322.09
451,63,06-12-2023,31,3,282.44
1732,63,05-13-2023,22,3,385.84
33,63,01-10-2023,8,3,439.97
374,64,12-21-2023,32,3,462.53
1672,64,12-13-2023,7,3,17.85
1566,64,09-09-2023,33,3,273.51
1832,64,07-05-2023,3,3,248.95
1075,64,03-10-2023,41,3,393.74
1548,64,03-01-2023,25,3,231.19
1739,64,02-20-2023,10,3,170.63
1131,64,02-16-2023,44,3,465.77
1666,64,01-21-2023,29,3,494.47
1464,65,12-15-2023,28,3,31.96
1655,65,11-14-2023,25,3,488.87
1742,65,03-29-2023,6,3,189.36
1288,65,03-20-2023,13,3,462.2
1612,65,03-03-2023,34,3,250.74
1866,66,11-30-2023,49,3,159.04
1758,66,10-10-2023,20,3,379.74
437,66,09-30-2023,32,3,240.07
1348,66,08-29-2023,37,3,213.4
422,66,08-28-2023,32,3,251.2
1328,66,07-26-2023,9,3,35.89
88,66,07-24-2023,44,3,469.92
1008,66,05-16-2023,11,3,461.56
1965,66,02-25-2023,21,3,283.22
1496,66,01-29-2023,43,3,201.79
991,67,11-21-2023,18,3,291.42
1471,67,11-18-2023,2,3,211.19
1842,67,08-27-2023,32,3,261.04
1766,67,05-07-2023,7,3,260.64
1149,68,11-16-2023,45,3,29.3
386,68,07-07-2023,26,3,326.53
157,68,06-26-2023,28,3,179.15
543,68,05-10-2023,23,3,398.49
1093,68,02-12-2023,7,3,310.96
524,69,11-29-2023,23,3,134.47
1161,69,11-04-2023,29,3,451.73
1024,69,08-05-2023,37,3,307.88
605,69,04-06-2023,24,3,102.55
453,70,07-14-2023,26,3,477.53
943,70,05-25-2023,2,3,259.58
1064,70,01-17-2023,33,3,199.89
393,71,10-05-2023,19,3,426.42
771,71,10-04-2023,17,3,152.21
1125,71,09-24-2023,8,3,243.21
697,71,08-22-2023,1,3,104.33
567,71,02-17-2023,39,3,432.54
1329,71,01-28-2023,1,3,59.3
1809,72,11-30-2023,9,3,286.28
1026,72,09-05-2023,12,3,281.75
789,72,07-23-2023,36,3,429.03
923,72,07-19-2023,16,3,348
1870,72,01-28-2023,28,3,101.73
315,73,11-26-2023,41,3,432.8
1342,73,09-05-2023,46,3,61.02
1713,73,07-20-2023,4,3,8.9
792,73,02-21-2023,19,3,439.56
342,74,08-14-2023,30,3,390.17
1213,74,03-20-2023,28,3,455.32
400,74,02-07-2023,9,3,322.96
478,74,01-06-2023,17,3,347.92
1763,74,01-03-2023,30,3,491.56
329,75,12-06-2023,10,3,158.56
99,75,11-07-2023,42,3,235.17
1171,75,05-08-2023,15,3,406.48
1575,76,07-13-2023,40,3,384.4
1890,76,04-07-2023,35,3,395.85
753,76,03-31-2023,25,3,368.33
608,76,02-28-2023,23,3,423.53
1617,76,01-29-2023,32,3,351.31
820,77,11-08-2023,19,3,343.78
665,77,11-04-2023,47,3,390.59
631,77,10-03-2023,11,3,489.61
1528,77,09-25-2023,49,3,90.24
1982,77,08-16-2023,48,3,71.46
90,77,08-11-2023,23,3,221.01
1350,77,06-05-2023,47,3,35.4
911,78,12-25-2023,48,3,422.32
892,78,11-13-2023,41,3,445.6
1225,78,08-29-2023,46,3,96.07
1231,78,07-14-2023,47,3,200.1
816,78,06-06-2023,46,3,214.78
1937,78,05-07-2023,34,3,455.6
376,78,04-03-2023,35,3,164
1910,78,03-12-2023,49,3,9.22
468,78,02-24-2023,22,3,229.9
1354,79,05-24-2023,18,3,12.03
1068,79,05-13-2023,12,3,122.38
746,79,04-14-2023,9,3,359.88
266,79,01-23-2023,47,3,231.73
1642,80,08-08-2023,39,3,78.88
913,80,05-29-2023,44,3,460.99
609,80,03-30-2023,44,3,459.75
1424,81,12-04-2023,14,3,31.27
234,81,11-27-2023,3,3,395.36
723,81,11-27-2023,6,3,459.13
412,81,10-07-2023,19,3,244.06
1178,81,07-15-2023,4,3,264.57
1235,81,01-26-2023,13,3,222.58
927,82,12-27-2023,46,3,378.78
1100,82,10-01-2023,20,3,243.42
245,82,08-26-2023,45,3,326.37
474,82,07-27-2023,28,3,47.94
1834,82,07-22-2023,8,3,286.71
1,82,02-27-2023,2,3,126.22
511,83,12-10-2023,25,3,349.67
21,83,08-23-2023,10,3,74.12
868,83,04-29-2023,30,3,135.74
1384,83,02-24-2023,29,3,56.13
576,84,11-01-2023,9,3,163.73
69,84,09-28-2023,1,3,466.22
1367,84,05-20-2023,22,3,137.21
993,84,02-09-2023,34,3,191.28
1346,85,12-09-2023,5,3,308.45
102,85,11-21-2023,40,3,51.23
829,85,10-13-2023,12,3,53.31
497,85,10-04-2023,9,3,63.72
1198,85,09-27-2023,3,3,89.31
1324,85,03-18-2023,29,3,198.04
759,86,11-24-2023,47,3,226.08
828,86,07-03-2023,33,3,423.48
1956,86,01-06-2023,44,3,80.98
1370,87,12-20-2023,12,3,276.07
448,87,12-15-2023,42,3,306.99
1724,87,12-01-2023,48,3,399.01
1861,87,01-14-2023,30,3,295.97
1839,87,01-12-2023,45,3,341.94
1751,88,12-25-2023,36,3,362.17
858,88,11-19-2023,1,3,213.33
1921,88,07-26-2023,49,3,166.41
392,88,06-13-2023,43,3,356.22
1521,88,06-04-2023,18,3,52.44
1379,89,12-08-2023,50,3,132.38
1264,89,11-06-2023,46,3,216.39
176,89,11-01-2023,31,3,21.16
550,89,10-18-2023,31,3,28.05
1390,89,09-04-2023,8,3,170.05
1022,89,06-11-2023,27,3,57.76
577,89,04-13-2023,31,3,92.93
666,89,01-14-2023,43,3,106.7
287,90,06-08-2023,22,3,8.02
1377,90,04-05-2023,17,3,236.14
389,91,08-17-2023,14,3,348.52
1363,91,07-19-2023,31,3,76.85
405,91,04-26-2023,23,3,423.74
1153,91,01-30-2023,40,3,266.87
1789,91,01-13-2023,37,3,282.72
553,92,07-23-2023,5,3,85.41
416,92,06-13-2023,47,3,487.81
200,92,05-30-2023,33,3,210.67
472,92,04-06-2023,1,3,396.43
240,93,12-12-2023,26,3,49.7
1042,93,10-14-2023,38,3,177
1557,93,09-13-2023,18,3,379.37
526,93,08-29-2023,49,3,457.59
540,93,05-21-2023,35,3,13.49
1668,93,03-17-2023,8,3,51.32
1757,93,03-06-2023,34,3,110.8
507,94,10-22-2023,21,3,122.27
1289,94,09-26-2023,20,3,75.93
145,94,09-25-2023,42,3,309.88
844,94,07-11-2023,1,3,379.64
1360,94,06-26-2023,4,3,378.96
883,94,05-08-2023,31,3,333.54
1340,94,05-02-2023,46,3,208.36
436,95,06-03-2023,38,3,256.12
22,96,10-15-2023,35,3,374.77
71,96,10-11-2023,10,3,144.47
113,96,09-01-2023,29,3,377.13
800,96,08-15-2023,50,3,138.36
900,96,07-29-2023,7,3,307.37
832,96,06-07-2023,27,3,188.98
639,96,05-23-2023,45,3,230.07
1283,97,06-07-2023,46,3,356.37
477,97,05-17-2023,22,3,293.32
103,97,05-01-2023,44,3,116.2
506,97,01-29-2023,9,3,120.91
1830,98,05-24-2023,44,3,99.8
1463,98,04-26-2023,21,3,449.48
1103,98,03-11-2023,23,3,237.25
195,98,01-27-2023,14,3,276.86
1974,99,12-22-2023,9,3,91.79
1158,99,11-23-2023,37,3,338.87
299,99,03-12-2023,49,3,148.28
934,100,11-17-2023,40,3,247.82
368,100,08-23-2023,3,3,104.79
208,100,07-30-2023,3,3,373.63
1461,100,04-15-2023,9,3,123.12
1268,1,03-02-2023,2,4,314.6
1104,2,12-19-2023,32,4,153.31
568,2,05-30-2023,27,4,390.69
1976,3,11-08-2023,38,4,194.27
1797,4,09-28-2023,21,4,132.3
1224,4,07-03-2023,6,4,71.37
267,4,02-01-2023,31,4,216.01
692,5,10-11-2023,46,4,116.14
1677,6,12-02-2023,40,4,165.83
303,6,08-12-2023,2,4,460.98
379,6,06-30-2023,40,4,140.9
848,6,06-02-2023,19,4,365.28
987,6,04-23-2023,49,4,119.72
924,7,07-15-2023,25,4,478.57
668,7,05-03-2023,32,4,60.81
263,7,03-06-2023,48,4,265.41
1302,7,02-14-2023,28,4,93.6
479,8,12-08-2023,8,4,156.87
1717,8,09-28-2023,2,4,290.32
1176,8,06-21-2023,23,4,211.18
414,8,03-22-2023,29,4,244.7
380,8,02-08-2023,43,4,184.84
58,8,01-26-2023,38,4,253.91
1143,9,12-04-2023,35,4,98.99
1382,9,09-09-2023,13,4,93.33
970,9,04-10-2023,21,4,228.07
1229,9,04-01-2023,29,4,345.49
1782,9,01-23-2023,27,4,288.66
557,10,06-24-2023,39,4,484.62
1244,11,09-26-2023,46,4,364.8
1628,11,09-09-2023,31,4,463.62
1991,11,08-07-2023,47,4,159.17
544,11,07-11-2023,26,4,284.68
1916,11,06-10-2023,13,4,386.21
1019,11,05-26-2023,39,4,132.61
35,11,02-13-2023,47,4,408.93
320,12,11-11-2023,39,4,234.04
423,12,07-21-2023,33,4,483.51
155,12,05-31-2023,15,4,347.43
565,12,04-06-2023,28,4,280.71
866,12,02-26-2023,37,4,78.83
398,12,02-03-2023,20,4,499.8
1256,12,01-26-2023,7,4,496.9
1973,13,11-04-2023,21,4,340.56
327,13,10-13-2023,44,4,145.65
596,13,08-13-2023,47,4,162.86
1802,13,06-13-2023,10,4,447.04
1368,13,05-11-2023,42,4,233.25
1542,13,04-20-2023,33,4,186.4
419,13,01-26-2023,19,4,432.76
772,13,01-26-2023,26,4,81.03
268,14,09-09-2023,46,4,41.38
1925,14,06-18-2023,37,4,321.31
190,14,03-24-2023,22,4,348.37
761,14,01-01-2023,4,4,221.92
1572,15,10-19-2023,44,4,331.74
1546,15,09-24-2023,9,4,382.33
856,15,08-02-2023,29,4,66.18
1311,15,06-29-2023,31,4,423.65
471,15,06-19-2023,11,4,325.9
1618,15,06-12-2023,35,4,240.05
1194,15,06-06-2023,29,4,16.26
606,15,05-15-2023,43,4,266.22
1425,15,03-18-2023,44,4,251.27
1532,15,02-09-2023,2,4,379.88
1430,15,02-06-2023,16,4,298.39
1361,15,01-27-2023,11,4,202.38
1021,16,09-24-2023,1,4,329
110,16,08-22-2023,9,4,335.45
1411,16,05-21-2023,10,4,88.19
1269,16,04-17-2023,40,4,209.95
1243,16,02-16-2023,8,4,318.87
1059,16,02-10-2023,44,4,308.84
300,16,01-04-2023,32,4,91.97
1769,17,09-01-2023,14,4,43.65
352,18,12-28-2023,31,4,309.6
482,18,09-02-2023,10,4,375.13
1571,18,06-09-2023,46,4,246.29
574,18,06-05-2023,1,4,169.45
1136,18,05-09-2023,3,4,354.78
1740,18,03-04-2023,13,4,484.97
351,18,01-20-2023,19,4,349.56
288,19,10-17-2023,43,4,39.44
612,19,09-19-2023,25,4,300.23
1773,19,09-16-2023,9,4,357.02
571,19,02-02-2023,11,4,141.6
1663,20,10-12-2023,43,4,31.34
677,20,10-02-2023,21,4,295.29
1574,21,09-17-2023,4,4,135.38
885,21,09-16-2023,31,4,435.36
1738,21,05-30-2023,46,4,382.17
1039,21,02-14-2023,18,4,179.8
1190,22,06-29-2023,40,4,313.48
872,22,06-18-2023,23,4,477.77
1711,22,03-20-2023,48,4,482.11
1941,23,11-13-2023,47,4,231.62
1157,23,10-13-2023,48,4,374.32
1393,23,10-11-2023,3,4,332.06
187,23,08-29-2023,34,4,458.46
1955,23,05-31-2023,8,4,88.38
1999,23,05-12-2023,25,4,156.39
1681,23,05-03-2023,50,4,49.15
1616,23,04-20-2023,18,4,207.15
907,23,03-07-2023,7,4,330.47
466,23,01-19-2023,26,4,97.22
1927,23,01-17-2023,45,4,18.29
719,23,01-16-2023,26,4,280.2
188,24,10-27-2023,28,4,484.68
334,24,04-20-2023,22,4,100.04
495,24,03-11-2023,50,4,190.36
207,25,12-24-2023,16,4,120.61
1966,25,11-16-2023,14,4,469.77
194,25,09-23-2023,24,4,314.58
835,25,09-14-2023,8,4,267.27
96,25,08-04-2023,43,4,340.27
902,25,06-23-2023,7,4,28.02
786,25,03-06-2023,3,4,43.79
502,25,02-27-2023,3,4,309.39
1148,25,02-20-2023,3,4,330.67
1898,26,08-20-2023,16,4,113.2
530,26,06-18-2023,15,4,287.05
1962,26,02-16-2023,2,4,18.83
1754,27,10-06-2023,40,4,350.25
1948,27,09-17-2023,3,4,18.23
444,27,07-30-2023,33,4,437.04
1924,27,07-20-2023,5,4,98.23
1682,27,03-25-2023,25,4,146.04
1531,27,03-08-2023,6,4,346.95
1597,28,12-05-2023,48,4,137.63
1971,28,07-30-2023,20,4,491.64
802,28,07-28-2023,48,4,380.95
290,28,07-12-2023,27,4,173.74
282,28,03-21-2023,43,4,116
1127,28,02-27-2023,16,4,165.63
673,28,01-21-2023,4,4,255.77
722,29,03-08-2023,13,4,189.26
274,30,07-31-2023,22,4,202.37
1073,31,10-12-2023,28,4,102.05
809,31,07-10-2023,32,4,92.9
82,31,03-25-2023,12,4,17.27
1315,32,10-08-2023,11,4,194.99
1993,32,06-05-2023,19,4,484.02
1444,32,05-07-2023,21,4,291.84
973,32,04-24-2023,46,4,141.96
1129,32,01-05-2023,3,4,345.76
476,32,01-04-2023,17,4,121.58
276,33,07-11-2023,10,4,38.23
926,33,04-14-2023,40,4,415.84
73,33,01-27-2023,6,4,415.53
932,33,01-03-2023,22,4,356.3
793,34,07-16-2023,42,4,288.15
213,34,06-23-2023,40,4,326.67
1657,34,03-28-2023,33,4,465.51
1665,34,03-25-2023,46,4,221.03
75,34,03-24-2023,48,4,278.08
1184,34,02-13-2023,26,4,388.04
1504,35,08-01-2023,12,4,356.57
1284,35,07-31-2023,6,4,439.14
1646,35,05-28-2023,48,4,194.13
284,36,10-21-2023,15,4,423.35
731,36,07-16-2023,9,4,103.73
1794,36,04-16-2023,16,4,46.9
254,36,04-08-2023,8,4,50.38
1443,36,01-08-2023,47,4,369.41
177,37,12-28-2023,19,4,40.23
296,37,12-14-2023,44,4,265.83
1648,37,12-13-2023,13,4,94.28
196,37,08-13-2023,45,4,65.11
2000,37,07-12-2023,36,4,40.61
1523,37,07-10-2023,50,4,208.94
1082,37,07-01-2023,21,4,388.5
204,37,06-02-2023,38,4,433.3
429,37,02-07-2023,25,4,383.38
1330,37,01-16-2023,16,4,352.6
1723,38,12-31-2023,25,4,417.37
236,38,06-17-2023,48,4,91.94
825,38,05-13-2023,27,4,197.2
939,38,04-22-2023,49,4,498.33
818,39,12-13-2023,34,4,294.32
1509,39,11-24-2023,41,4,66.47
1507,39,10-27-2023,20,4,281.84
1259,39,06-15-2023,24,4,411.03
798,39,06-09-2023,18,4,429.83
1911,39,05-25-2023,23,4,473.18
1175,39,01-20-2023,47,4,43.85
1300,40,11-10-2023,22,4,30.11
1935,40,10-28-2023,13,4,141.34
1117,40,09-13-2023,24,4,349.98
297,40,01-24-2023,15,4,492.3
304,41,10-22-2023,28,4,356.2
1806,41,08-26-2023,36,4,37.4
1614,41,06-18-2023,38,4,403.89
306,42,03-29-2023,40,4,416.85
214,43,12-12-2023,35,4,477.3
1923,43,10-18-2023,41,4,490.19
600,43,10-14-2023,28,4,119.77
1275,44,12-11-2023,31,4,399.64
366,44,11-26-2023,12,4,490.51
1820,44,11-22-2023,17,4,140.14
595,44,08-22-2023,14,4,177.41
837,44,07-29-2023,37,4,75.9
1316,44,04-17-2023,45,4,393.24
29,44,02-27-2023,19,4,83.29
8,44,02-22-2023,6,4,52.87
226,45,10-28-2023,20,4,346.71
1484,45,03-17-2023,24,4,272.23
556,45,01-28-2023,7,4,119.91
1395,46,09-07-2023,6,4,368.99
47,46,08-05-2023,27,4,432.6
122,46,06-02-2023,49,4,427.46
870,47,12-13-2023,21,4,370.58
1588,47,08-12-2023,13,4,319.54
432,47,03-15-2023,13,4,252.54
894,47,01-28-2023,15,4,169.33
749,48,12-27-2023,43,4,295.08
1886,48,12-05-2023,11,4,439.8
1412,48,10-11-2023,11,4,125.6
1465,48,06-26-2023,29,4,253.22
657,48,06-03-2023,9,4,387.86
1776,48,03-02-2023,39,4,59.62
1016,48,01-23-2023,45,4,118.6
1827,49,11-04-2023,23,4,92.71
496,49,08-18-2023,25,4,44.72
560,49,08-10-2023,12,4,47.42
1858,49,07-25-2023,7,4,120.39
778,49,07-09-2023,12,4,27.09
129,49,06-17-2023,14,4,166.79
585,49,02-07-2023,29,4,293.21
782,50,09-25-2023,27,4,288.49
1686,50,09-01-2023,18,4,49.66
1331,51,11-17-2023,21,4,205.99
1388,51,10-22-2023,1,4,241.68
727,51,09-12-2023,2,4,343.19
578,51,06-13-2023,19,4,484.04
1234,51,01-21-2023,36,4,260.48
1491,52,11-13-2023,15,4,181.91
193,52,09-21-2023,1,4,209.56
1220,53,07-30-2023,20,4,374.08
952,53,07-18-2023,29,4,219.35
460,53,06-19-2023,46,4,54.77
512,53,03-18-2023,20,4,96.02
619,54,12-30-2023,29,4,87.79
356,54,11-24-2023,40,4,36.09
143,54,09-08-2023,7,4,480.59
305,54,05-29-2023,8,4,15.32
762,54,03-27-2023,27,4,441.48
119,54,02-01-2023,14,4,197.79
655,55,12-22-2023,9,4,40.06
26,55,11-02-2023,5,4,193.9
1583,55,10-18-2023,33,4,136.98
1996,55,09-16-2023,40,4,381.36
1745,55,07-31-2023,27,4,476.16
1408,55,06-22-2023,48,4,165.5
948,55,02-23-2023,14,4,325.05
842,56,11-21-2023,28,4,217.37
1662,56,03-26-2023,21,4,383.02
1364,56,01-07-2023,19,4,194.09
100,57,12-12-2023,14,4,397.9
625,57,10-07-2023,14,4,55.7
1088,57,07-05-2023,48,4,209.92
1135,57,04-09-2023,2,4,182.29
211,57,02-21-2023,34,4,12.6
1856,57,01-29-2023,20,4,37.57
713,58,08-27-2023,21,4,64.76
1650,58,05-08-2023,24,4,47.44
391,58,03-30-2023,46,4,498.64
1099,59,11-20-2023,48,4,264.11
622,59,10-17-2023,48,4,277.11
1338,59,09-18-2023,28,4,195.43
1785,59,08-19-2023,43,4,78.75
227,59,06-04-2023,13,4,427.4
1230,59,05-07-2023,28,4,389.23
490,59,03-09-2023,33,4,231.12
1468,59,02-14-2023,6,4,449.48
1141,59,01-01-2023,50,4,368.16
582,60,12-29-2023,14,4,399.85
500,60,12-11-2023,47,4,268.31
51,60,05-08-2023,5,4,404.97
1710,60,03-17-2023,31,4,15.8
1452,60,03-12-2023,46,4,96.55
418,60,03-04-2023,18,4,127.72
726,60,01-26-2023,11,4,411.73
1078,61,11-19-2023,7,4,373.57
1651,61,03-10-2023,21,4,344.99
776,61,03-01-2023,20,4,238.12
362,61,01-23-2023,41,4,490.61
201,62,08-30-2023,16,4,277.88
1997,62,01-11-2023,49,4,216.56
532,63,11-25-2023,48,4,233.11
1716,63,09-20-2023,38,4,119.79
1442,63,04-21-2023,38,4,419.31
617,63,03-11-2023,13,4,482.1
1383,63,02-25-2023,10,4,113.1
489,63,02-16-2023,33,4,405.3
1796,63,01-12-2023,22,4,94.35
425,64,11-02-2023,42,4,146.45
730,64,07-30-2023,36,4,35.18
150,64,06-16-2023,12,4,110
1251,64,05-02-2023,14,4,229.6
618,65,12-01-2023,32,4,343.92
979,65,11-20-2023,2,4,385.75
183,65,10-04-2023,32,4,44.82
983,65,09-19-2023,6,4,185.11
1947,65,06-16-2023,27,4,86.6
937,65,03-23-2023,27,4,50.51
1630,65,02-03-2023,23,4,303.05
1245,66,11-10-2023,11,4,277.42
265,66,10-31-2023,7,4,254.4
1534,66,10-31-2023,4,4,63.87
687,66,07-04-2023,4,4,430.38
1694,66,02-25-2023,33,4,209.44
790,67,08-23-2023,1,4,60.7
989,67,07-04-2023,25,4,459.36
375,67,05-17-2023,6,4,44.07
823,67,05-04-2023,4,4,331.96
863,67,04-14-2023,23,4,151.2
1792,67,04-07-2023,49,4,253.81
1644,68,08-11-2023,50,4,414.49
1206,68,06-06-2023,22,4,199.73
1372,68,02-23-2023,44,4,179
1366,69,11-23-2023,23,4,307.19
1795,69,11-07-2023,21,4,296.5
586,69,09-17-2023,45,4,274.1
146,69,09-05-2023,30,4,413.74
1314,69,08-25-2023,26,4,123.09
50,69,08-18-2023,9,4,95.83
1812,69,08-05-2023,36,4,25.69
1277,69,06-21-2023,30,4,464.26
958,69,04-23-2023,9,4,399.4
1398,70,11-26-2023,20,4,269.3
1594,70,06-10-2023,13,4,204.14
1867,70,03-16-2023,10,4,157.79
1953,71,12-03-2023,16,4,74.43
354,71,11-08-2023,34,4,60.04
1915,71,08-28-2023,47,4,173.63
1106,71,07-11-2023,13,4,441.67
1162,71,06-16-2023,24,4,383.27
720,71,05-08-2023,7,4,55.44
1441,71,04-28-2023,6,4,429.2
1718,71,02-02-2023,18,4,445.12
111,72,11-01-2023,21,4,308.26
1667,72,09-06-2023,30,4,60.68
916,72,09-03-2023,38,4,338.75
446,72,06-16-2023,43,4,265.11
1137,72,05-31-2023,35,4,98.94
893,72,04-16-2023,42,4,475.43
1499,72,02-14-2023,14,4,372.06
986,73,12-04-2023,10,4,469.89
149,73,11-09-2023,43,4,171.52
1592,73,09-29-2023,31,4,108.82
734,73,09-15-2023,21,4,138.87
1783,73,08-20-2023,22,4,240.24
1513,73,08-12-2023,17,4,487.26
20,73,06-11-2023,14,4,200.84
992,73,03-31-2023,25,4,185.82
966,73,01-28-2023,49,4,324.11
141,73,01-22-2023,23,4,332.45
138,74,12-13-2023,25,4,471.03
889,74,08-18-2023,6,4,226.3
1047,74,05-09-2023,45,4,483.2
1063,74,03-07-2023,4,4,241.77
1912,75,12-02-2023,1,4,328.78
529,75,10-24-2023,47,4,151.12
78,75,10-10-2023,10,4,68.09
1771,75,09-13-2023,41,4,498.27
1434,75,09-06-2023,4,4,76.75
441,75,09-03-2023,11,4,78.15
223,75,03-15-2023,15,4,320.76
1722,76,12-17-2023,22,4,69.92
877,76,09-05-2023,37,4,94.72
1397,76,05-03-2023,32,4,36.18
1303,77,10-31-2023,41,4,310.08
181,77,10-19-2023,19,4,66.56
271,77,09-29-2023,19,4,255.25
849,77,09-26-2023,22,4,444.55
1358,77,03-20-2023,32,4,386.33
485,77,02-11-2023,34,4,266.45
667,78,09-18-2023,13,4,151.29
378,78,08-07-2023,11,4,179.02
483,78,07-11-2023,27,4,379.89
908,78,06-14-2023,33,4,212.24
1266,79,10-16-2023,32,4,248.79
1435,79,08-21-2023,12,4,189.88
1705,79,07-04-2023,45,4,403.3
435,79,06-13-2023,11,4,495.35
340,79,05-26-2023,49,4,120.83
1753,79,03-17-2023,45,4,225.86
1345,79,02-15-2023,16,4,317.18
589,79,01-23-2023,37,4,483.57
795,80,11-08-2023,44,4,24.2
575,80,07-14-2023,22,4,170.69
674,81,12-31-2023,33,4,214.67
106,81,10-22-2023,13,4,249.72
314,81,09-10-2023,30,4,342.16
1714,81,08-10-2023,27,4,369.85
316,81,06-11-2023,10,4,38.8
637,81,05-18-2023,41,4,190.71
1848,81,02-19-2023,2,4,218.81
1949,82,12-22-2023,44,4,193.67
1598,82,09-30-2023,40,4,467.64
607,82,06-10-2023,39,4,307.6
114,82,05-22-2023,50,4,315.24
1418,82,05-19-2023,34,4,208.96
1152,82,02-01-2023,24,4,411.9
154,83,12-31-2023,32,4,397.5
1307,83,12-30-2023,50,4,237.92
1632,83,11-25-2023,12,4,396.55
469,83,10-06-2023,34,4,445.18
1337,83,08-01-2023,30,4,313.51
1558,83,07-24-2023,23,4,335.01
1450,83,02-16-2023,2,4,336.17
330,84,12-24-2023,43,4,68.83
1401,84,12-08-2023,34,4,470.34
1703,84,09-02-2023,30,4,435.05
1202,84,07-17-2023,15,4,256.73
769,84,03-26-2023,39,4,82.77
546,84,01-17-2023,6,4,192.74
1200,84,01-05-2023,5,4,331.88
774,85,11-17-2023,39,4,103.84
294,85,08-06-2023,32,4,210.02
777,85,05-16-2023,6,4,96.52
1211,85,03-12-2023,6,4,262.76
1476,86,12-23-2023,34,4,231.71
538,86,11-12-2023,31,4,12.79
1872,86,09-01-2023,45,4,301.88
302,86,07-01-2023,5,4,431.57
1318,86,02-09-2023,48,4,61.59
242,87,12-11-2023,17,4,412.1
1770,87,09-27-2023,26,4,436.65
1824,87,03-30-2023,27,4,382.42
1673,88,12-15-2023,8,4,189.91
1321,88,11-02-2023,50,4,167.07
1472,88,10-05-2023,9,4,176.62
1573,88,10-04-2023,37,4,240.58
1636,88,07-30-2023,21,4,241.79
413,88,07-27-2023,20,4,41.12
1772,89,09-08-2023,47,4,412.79
182,89,06-05-2023,45,4,471.62
583,89,02-05-2023,27,4,73.89
1306,90,08-28-2023,7,4,158.64
1917,90,08-02-2023,14,4,227.74
642,90,07-03-2023,5,4,112.83
229,90,06-01-2023,2,4,140.87
1675,91,12-04-2023,31,4,316.04
1087,91,05-17-2023,39,4,139.27
1203,91,02-20-2023,21,4,434.05
331,91,02-13-2023,20,4,323.53
1497,92,08-07-2023,24,4,189.55
1652,92,07-16-2023,46,4,369.37
733,92,07-03-2023,31,4,175.3
1121,92,05-08-2023,25,4,127.35
827,92,04-24-2023,44,4,453.73
112,93,09-16-2023,28,4,449.12
399,93,09-03-2023,34,4,385.74
1699,93,08-21-2023,49,4,313.79
1945,93,04-22-2023,32,4,496.23
1992,93,04-12-2023,16,4,92.34
465,93,01-20-2023,12,4,441.71
56,94,10-12-2023,43,4,81.62
751,94,08-12-2023,41,4,326.34
427,94,07-07-2023,49,4,186.14
1786,94,06-16-2023,6,4,196.68
879,94,03-08-2023,31,4,60.9
275,94,02-18-2023,21,4,159.7
641,94,02-17-2023,47,4,319.25
930,95,09-21-2023,8,4,25.11
1877,95,06-19-2023,48,4,106.63
1549,95,06-09-2023,44,4,116.81
521,95,03-02-2023,48,4,457.65
249,96,12-23-2023,35,4,295.73
1056,96,12-16-2023,13,4,369.87
1704,96,11-05-2023,47,4,154.89
1110,96,09-30-2023,18,4,98.06
1952,96,08-26-2023,32,4,38.78
1950,96,07-24-2023,13,4,23.7
963,96,06-26-2023,14,4,453.29
264,96,02-02-2023,31,4,390.12
1196,97,05-13-2023,36,4,313.41
53,97,05-02-2023,11,4,245.39
65,97,02-07-2023,1,4,312.47
1975,98,12-19-2023,21,4,38.42
636,98,12-13-2023,26,4,75.37
121,98,10-22-2023,25,4,7.92
206,98,10-06-2023,25,4,466.76
1060,98,10-05-2023,3,4,188.74
1062,98,09-19-2023,18,4,114.94
130,98,07-14-2023,18,4,129.87
346,98,03-24-2023,18,4,453.13
895,99,11-14-2023,39,4,359.75
337,99,11-13-2023,9,4,81.36
108,99,02-24-2023,50,4,113.33
1741,99,01-04-2023,16,4,173.95
1015,100,12-14-2023,42,4,263.41
1852,100,11-04-2023,40,4,383.23
1049,100,08-23-2023,44,4,448.78
1119,100,07-20-2023,5,4,94.89
1760,100,06-05-2023,47,4,493.54
736,100,05-24-2023,4,4,267.07
